Action_Type/__text	Change_Date/__text	First_Name/__text	Last_Name/__text	Effective_Date/__text	ID/_type	ID/__text	Email/__text
CONTACT	10/13/2017	Randy	Esteban	10/13/2017	Corp_ID	50002110309	Randy_Esteban@intuit.com
CONTACT	10/13/2017	Joenard	Gonzaga	10/13/2017	Corp_ID	50002110308	Joenard_Gonzaga@intuit.com
CONTACT	10/13/2017	Sheila	Baccay	10/13/2017	Corp_ID	50002109010	SheilaHoney_Baccay@intuit.com
CONTACT	10/13/2017	Ricky	Co	10/13/2017	Corp_ID	50002109013	Ricky_Co@intuit.com
CONTACT	10/13/2017	Richelle Anne	Bachar	10/13/2017	Corp_ID	50002109011	RichelleAnne_Bachar@intuit.com
CONTACT	10/13/2017	Rose Anne	Rollon	10/13/2017	Corp_ID	50002107017	roseanne_rollon@intuit.com
CONTACT	10/13/2017	Kevin	Adriano	10/13/2017	Corp_ID	50002107018	kevin_adriano@intuit.com
